Risk,Age,age_group
good,22,22-31
good,28,22-31
bad,28,22-31
bad,26,22-31
good,25,22-31
bad,25,22-31
good,63,62-71
good,44,42-51
good,43,42-51
bad,27,22-31
good,33,32-41
good,25,22-31
good,40,32-41
good,43,42-51
bad,24,22-31
good,32,32-41
good,23,22-31
good,61,52-61
good,61,52-61
bad,52,52-61
good,37,32-41
bad,28,22-31
bad,39,32-41
bad,35,32-41
good,36,32-41
good,29,22-31
good,37,32-41
good,33,32-41
good,61,52-61
bad,32,32-41
good,26,22-31
good,26,22-31
bad,25,22-31
good,34,32-41
good,46,42-51
good,63,62-71
good,26,22-31
good,61,52-61
good,24,22-31
bad,25,22-31
good,49,42-51
bad,26,22-31
good,23,22-31
good,42,42-51
good,27,22-31
good,46,42-51
good,30,22-31
bad,60,52-61
bad,24,22-31
bad,24,22-31
good,45,42-51
good,31,22-31
good,36,32-41
bad,25,22-31
good,31,22-31
good,41,32-41
good,45,42-51
good,32,32-41
good,32,32-41
good,31,22-31
bad,23,22-31
bad,46,42-51
good,54,52-61
good,40,32-41
good,32,32-41
good,34,32-41
good,44,42-51
good,23,22-31
good,36,32-41
good,37,32-41
bad,33,32-41
bad,23,22-31
bad,31,22-31
good,27,22-31
good,44,42-51
good,35,32-41
good,47,42-51
bad,57,52-61
good,44,42-51
good,36,32-41
good,40,32-41
bad,27,22-31
bad,41,32-41
good,25,22-31
bad,29,22-31
bad,24,22-31
good,24,22-31
good,31,22-31
good,32,32-41
good,31,22-31
bad,29,22-31
bad,22,22-31
good,37,32-41
good,42,42-51
bad,68,62-71
good,32,32-41
good,43,42-51
good,25,22-31
good,26,22-31
bad,60,52-61
bad,68,62-71
good,23,22-31
bad,25,22-31
bad,24,22-31
good,27,22-31
bad,34,32-41
good,36,32-41
good,40,32-41
good,25,22-31
good,28,22-31
good,51,42-51
good,31,22-31
bad,39,32-41
good,31,22-31
good,57,52-61
good,56,52-61
bad,55,52-61
good,23,22-31
good,34,32-41
bad,31,22-31
bad,31,22-31
good,61,52-61
good,38,32-41
bad,44,42-51
good,46,42-51
bad,39,32-41
bad,55,52-61
good,41,32-41
good,53,52-61
good,42,42-51
good,30,22-31
good,64,62-71
good,47,42-51
bad,32,32-41
good,28,22-31
good,26,22-31
good,54,52-61
good,35,32-41
good,42,42-51
good,35,32-41
good,34,32-41
bad,41,32-41
good,41,32-41
bad,34,32-41
bad,47,42-51
good,35,32-41
bad,46,42-51
good,46,42-51
bad,33,32-41
good,45,42-51
bad,31,22-31
bad,34,32-41
good,22,22-31
good,39,32-41
bad,43,42-51
good,25,22-31
good,35,32-41
good,62,62-71
good,30,22-31
good,40,32-41
good,47,42-51
bad,26,22-31
bad,27,22-31
good,24,22-31
good,37,32-41
good,42,42-51
good,22,22-31
good,38,32-41
good,28,22-31
bad,24,22-31
bad,29,22-31
good,36,32-41
bad,33,32-41
bad,32,32-41
good,44,42-51
good,36,32-41
bad,24,22-31
good,42,42-51
good,58,52-61
bad,24,22-31
good,27,22-31
good,26,22-31
good,55,52-61
good,46,42-51
good,26,22-31
good,46,42-51
good,41,32-41
bad,38,32-41
good,36,32-41
good,36,32-41
good,26,22-31
good,50,42-51
good,35,32-41
good,22,22-31
bad,26,22-31
bad,37,32-41
good,35,32-41
good,63,62-71
good,42,42-51
good,25,22-31
bad,38,32-41
bad,42,42-51
good,29,22-31
bad,43,42-51
good,58,52-61
good,28,22-31
good,41,32-41
bad,46,42-51
good,38,32-41
good,32,32-41
good,51,42-51
bad,23,22-31
bad,23,22-31
good,38,32-41
good,30,22-31
bad,31,22-31
bad,55,52-61
good,39,32-41
bad,27,22-31
good,41,32-41
good,27,22-31
good,39,32-41
good,31,22-31
good,30,22-31
good,22,22-31
good,46,42-51
good,24,22-31
good,39,32-41
bad,37,32-41
good,63,62-71
bad,25,22-31
good,27,22-31
bad,37,32-41
good,30,22-31
good,33,32-41
good,55,52-61
good,42,42-51
bad,23,22-31
good,29,22-31
bad,43,42-51
good,43,42-51
good,46,42-51
good,29,22-31
good,29,22-31
good,27,22-31
good,41,32-41
good,22,22-31
good,30,22-31
good,54,52-61
good,49,42-51
good,33,32-41
good,23,22-31
good,55,52-61
good,38,32-41
good,47,42-51
bad,24,22-31
good,54,52-61
good,64,62-71
good,27,22-31
good,39,32-41
bad,41,32-41
good,35,32-41
good,54,52-61
bad,26,22-31
bad,33,32-41
good,26,22-31
good,24,22-31
bad,23,22-31
good,54,52-61
good,32,32-41
good,38,32-41
good,46,42-51
bad,35,32-41
bad,47,42-51
good,36,32-41
good,24,22-31
good,27,22-31
good,27,22-31
good,45,42-51
good,23,22-31
good,65,62-71
good,70,62-71
good,31,22-31
good,33,32-41
good,25,22-31
good,30,22-31
good,23,22-31
bad,34,32-41
bad,31,22-31
good,31,22-31
bad,39,32-41
good,32,32-41
bad,32,32-41
good,32,32-41
good,37,32-41
bad,28,22-31
bad,28,22-31
good,36,32-41
good,56,52-61
good,23,22-31
bad,39,32-41
good,38,32-41
good,54,52-61
good,45,42-51
bad,40,32-41
good,28,22-31
good,38,32-41
good,55,52-61
good,51,42-51
good,26,22-31
bad,36,32-41
bad,23,22-31
good,34,32-41
good,26,22-31
good,28,22-31
good,45,42-51
good,47,42-51
good,40,32-41
good,54,52-61
good,26,22-31
bad,24,22-31
bad,46,42-51
good,46,42-51
good,54,52-61
bad,31,22-31
good,35,32-41
bad,30,22-31
bad,53,52-61
bad,42,42-51
good,23,22-31
bad,37,32-41
good,63,62-71
good,26,22-31
good,31,22-31
good,52,52-61
bad,30,22-31
good,34,32-41
good,65,62-71
bad,47,42-51
bad,30,22-31
good,31,22-31
good,32,32-41
good,40,32-41
bad,25,22-31
good,34,32-41
good,36,32-41
bad,43,42-51
good,27,22-31
good,67,62-71
bad,41,32-41
bad,36,32-41
bad,47,42-51
bad,60,52-61
good,46,42-51
bad,43,42-51
good,33,32-41
good,32,32-41
bad,57,52-61
bad,28,22-31
good,30,22-31
good,48,42-51
good,26,22-31
good,31,22-31
good,41,32-41
good,60,52-61
good,44,42-51
good,23,22-31
good,26,22-31
good,33,32-41
good,36,32-41
bad,37,32-41
good,34,32-41
bad,31,22-31
bad,24,22-31
good,23,22-31
good,24,22-31
bad,25,22-31
good,24,22-31
bad,26,22-31
good,36,32-41
good,47,42-51
good,30,22-31
good,22,22-31
good,24,22-31
bad,41,32-41
bad,33,32-41
bad,23,22-31
bad,25,22-31
good,35,32-41
good,23,22-31
good,24,22-31
good,25,22-31
bad,45,42-51
good,43,42-51
good,26,22-31
good,32,32-41
good,35,32-41
bad,46,42-51
bad,27,22-31
good,26,22-31
bad,32,32-41
good,42,42-51
good,30,22-31
good,31,22-31
good,33,32-41
good,34,32-41
good,36,32-41
bad,46,42-51
good,52,52-61
good,32,32-41
bad,38,32-41
bad,27,22-31
good,44,42-51
bad,24,22-31
good,36,32-41
good,37,32-41
good,57,52-61
good,30,22-31
bad,53,52-61
good,49,42-51
bad,39,32-41
good,27,22-31
good,25,22-31
good,31,22-31
good,28,22-31
good,37,32-41
bad,46,42-51
bad,37,32-41
good,34,32-41
bad,66,62-71
bad,25,22-31
bad,26,22-31
good,37,32-41
good,34,32-41
good,41,32-41
good,35,32-41
good,24,22-31
bad,26,22-31
bad,33,32-41
good,27,22-31
good,41,32-41
good,36,32-41
bad,25,22-31
bad,50,42-51
good,35,32-41
bad,28,22-31
bad,29,22-31
bad,25,22-31
good,48,42-51
good,39,32-41
good,40,32-41
good,36,32-41
good,65,62-71
good,40,32-41
good,40,32-41
bad,33,32-41
good,34,32-41
good,31,22-31
bad,30,22-31
bad,32,32-41
good,31,22-31
bad,24,22-31
bad,35,32-41
bad,33,32-41
good,34,32-41
bad,23,22-31
bad,27,22-31
good,28,22-31
good,31,22-31
good,43,42-51
good,42,42-51
bad,40,32-41
good,25,22-31
bad,48,42-51
good,31,22-31
bad,33,32-41
good,68,62-71
bad,24,22-31
good,68,62-71
good,49,42-51
good,28,22-31
good,38,32-41
good,38,32-41
good,36,32-41
bad,22,22-31
good,26,22-31
bad,37,32-41
good,30,22-31
good,50,42-51
good,36,32-41
good,33,32-41
bad,30,22-31
good,43,42-51
good,30,22-31
good,30,22-31
good,27,22-31
good,36,32-41
bad,23,22-31
good,25,22-31
bad,24,22-31
good,50,42-51
bad,34,32-41
good,32,32-41
bad,32,32-41
good,46,42-51
bad,46,42-51
good,63,62-71
good,36,32-41
good,28,22-31
good,56,52-61
good,38,32-41
good,40,32-41
good,24,22-31
good,23,22-31
good,42,42-51
good,28,22-31
bad,59,52-61
good,62,62-71
bad,34,32-41
bad,34,32-41
good,24,22-31
good,53,52-61
good,32,32-41
good,38,32-41
bad,24,22-31
good,56,52-61
bad,24,22-31
good,36,32-41
good,51,42-51
good,38,32-41
good,46,42-51
good,51,42-51
good,42,42-51
bad,68,62-71
good,26,22-31
bad,25,22-31
good,28,22-31
good,29,22-31
good,26,22-31
bad,39,32-41
good,29,22-31
good,50,42-51
good,24,22-31
bad,66,62-71
good,22,22-31
good,26,22-31
good,35,32-41
bad,24,22-31
good,46,42-51
good,28,22-31
good,30,22-31
bad,37,32-41
good,29,22-31
good,43,42-51
good,27,22-31
good,28,22-31
good,30,22-31
bad,46,42-51
good,37,32-41
bad,25,22-31
bad,68,62-71
bad,30,22-31
good,34,32-41
good,33,32-41
bad,25,22-31
good,39,32-41
bad,50,42-51
bad,26,22-31
good,38,32-41
good,28,22-31
bad,34,32-41
bad,24,22-31
good,41,32-41
good,26,22-31
good,40,32-41
good,24,22-31
bad,26,22-31
good,45,42-51
bad,29,22-31
good,28,22-31
bad,51,42-51
good,30,22-31
good,38,32-41
bad,23,22-31
good,45,42-51
good,44,42-51
good,23,22-31
bad,34,32-41
good,33,32-41
bad,44,42-51
bad,58,52-61
good,36,32-41
good,38,32-41
good,46,42-51
good,30,22-31
good,36,32-41
good,39,32-41
good,25,22-31
good,35,32-41
good,27,22-31
bad,26,22-31
good,23,22-31
bad,24,22-31
good,45,42-51
good,28,22-31
good,32,32-41
good,47,42-51
bad,31,22-31
good,24,22-31
good,57,52-61
good,42,42-51
good,66,62-71
good,28,22-31
good,53,52-61
good,42,42-51
good,33,32-41
bad,42,42-51
good,33,32-41
good,26,22-31
bad,30,22-31
good,29,22-31
good,26,22-31
good,63,62-71
bad,35,32-41
good,23,22-31
good,26,22-31
bad,39,32-41
good,37,32-41
bad,28,22-31
good,52,52-61
bad,54,52-61
good,34,32-41
good,29,22-31
good,31,22-31
bad,28,22-31
bad,29,22-31
bad,44,42-51
bad,39,32-41
good,27,22-31
good,25,22-31
good,58,52-61
bad,25,22-31
good,64,62-71
bad,25,22-31
bad,25,22-31
good,33,32-41
good,64,62-71
good,34,32-41
bad,26,22-31
bad,24,22-31
bad,31,22-31
bad,60,52-61
good,45,42-51
good,25,22-31
good,41,32-41
good,32,32-41
good,35,32-41
good,54,52-61
good,47,42-51
good,27,22-31
bad,24,22-31
bad,24,22-31
good,55,52-61
good,51,42-51
good,35,32-41
good,44,42-51
good,49,42-51
good,49,42-51
good,35,32-41
good,37,32-41
good,26,22-31
good,51,42-51
good,39,32-41
good,26,22-31
bad,28,22-31
bad,23,22-31
bad,27,22-31
bad,23,22-31
bad,61,52-61
good,27,22-31
good,47,42-51
good,34,32-41
good,46,42-51
good,27,22-31
bad,50,42-51
good,29,22-31
good,26,22-31
good,40,32-41
good,51,42-51
bad,24,22-31
bad,42,42-51
bad,30,22-31
good,23,22-31
bad,24,22-31
good,25,22-31
good,40,32-41
good,25,22-31
good,26,22-31
good,30,22-31
good,27,22-31
bad,46,42-51
bad,28,22-31
good,42,42-51
good,26,22-31
bad,24,22-31
good,29,22-31
good,29,22-31
good,23,22-31
bad,30,22-31
good,36,32-41
bad,36,32-41
good,35,32-41
good,28,22-31
bad,33,32-41
good,36,32-41
bad,54,52-61
good,38,32-41
good,40,32-41
good,27,22-31
bad,27,22-31
good,48,42-51
good,44,42-51
good,36,32-41
good,40,32-41
bad,23,22-31
bad,35,32-41
good,26,22-31
bad,23,22-31
good,31,22-31
good,33,32-41
bad,36,32-41
good,30,22-31
good,30,22-31
good,48,42-51
good,64,62-71
good,27,22-31
bad,65,62-71
good,24,22-31
bad,47,42-51
good,29,22-31
good,34,32-41
bad,22,22-31
bad,35,32-41
good,41,32-41
good,42,42-51
good,46,42-51
good,28,22-31
bad,25,22-31
good,31,22-31
good,27,22-31
bad,55,52-61
good,41,32-41
bad,26,22-31
bad,29,22-31
good,50,42-51
good,28,22-31
good,27,22-31
good,65,62-71
good,35,32-41
good,23,22-31
good,28,22-31
bad,33,32-41
good,39,32-41
bad,40,32-41
good,23,22-31
good,49,42-51
good,31,22-31
good,36,32-41
bad,25,22-31
bad,36,32-41
bad,34,32-41
good,37,32-41
good,49,42-51
good,40,32-41
good,47,42-51
good,26,22-31
good,35,32-41
good,35,32-41
good,48,42-51
bad,33,32-41
bad,22,22-31
bad,33,32-41
good,25,22-31
good,38,32-41
good,36,32-41
good,27,22-31
good,26,22-31
good,30,22-31
bad,27,22-31
good,38,32-41
good,45,42-51
good,60,52-61
good,27,22-31
good,64,62-71
bad,41,32-41
good,62,62-71
good,27,22-31
good,50,42-51
good,27,22-31
good,50,42-51
good,38,32-41
good,30,22-31
good,35,32-41
good,48,42-51
good,34,32-41
bad,26,22-31
good,28,22-31
good,30,22-31
bad,26,22-31
good,43,42-51
bad,29,22-31
good,33,32-41
bad,30,22-31
good,74,
good,36,32-41
bad,50,42-51
good,25,22-31
good,30,22-31
good,45,42-51
bad,68,62-71
good,22,22-31
bad,23,22-31
good,41,32-41
good,30,22-31
bad,57,52-61
bad,37,32-41
bad,24,22-31
good,42,42-51
bad,35,32-41
good,27,22-31
good,34,32-41
good,37,32-41
good,31,22-31
good,34,32-41
bad,28,22-31
bad,26,22-31
good,22,22-31
good,35,32-41
good,26,22-31
good,27,22-31
bad,37,32-41
good,52,52-61
good,44,42-51
good,23,22-31
good,47,42-51
good,35,32-41
good,27,22-31
bad,42,42-51
bad,30,22-31
good,35,32-41
bad,27,22-31
good,44,42-51
good,28,22-31
bad,28,22-31
good,66,62-71
bad,48,42-51
good,37,32-41
good,39,32-41
good,46,42-51
good,24,22-31
good,31,22-31
bad,27,22-31
bad,68,62-71
good,22,22-31
bad,30,22-31
good,39,32-41
good,26,22-31
bad,27,22-31
good,45,42-51
good,23,22-31
good,32,32-41
good,28,22-31
good,35,32-41
good,32,32-41
good,42,42-51
good,32,32-41
bad,44,42-51
bad,31,22-31
bad,24,22-31
good,33,32-41
bad,40,32-41
bad,59,52-61
bad,28,22-31
good,38,32-41
bad,23,22-31
good,31,22-31
bad,36,32-41
good,22,22-31
good,26,22-31
bad,23,22-31
good,46,42-51
good,45,42-51
good,29,22-31
bad,25,22-31
good,26,22-31
good,25,22-31
good,29,22-31
bad,25,22-31
bad,40,32-41
good,33,32-41
good,26,22-31
bad,38,32-41
good,48,42-51
bad,32,32-41
bad,53,52-61
good,31,22-31
good,35,32-41
bad,22,22-31
good,46,42-51
good,32,32-41
good,26,22-31
good,35,32-41
good,23,22-31
good,28,22-31
bad,28,22-31
good,29,22-31
bad,41,32-41
bad,47,42-51
bad,29,22-31
good,57,52-61
good,27,22-31
good,44,42-51
good,28,22-31
bad,43,42-51
good,30,22-31
good,39,32-41
bad,29,22-31
good,36,32-41
good,33,32-41
bad,27,22-31
bad,23,22-31
good,24,22-31
good,40,32-41
good,32,32-41
good,36,32-41
good,27,22-31
bad,25,22-31
good,31,22-31
good,65,62-71
good,51,42-51
good,42,42-51
good,30,22-31
good,41,32-41
good,34,32-41
bad,37,32-41
good,31,22-31
bad,25,22-31
bad,65,62-71
good,35,32-41
good,59,52-61
good,35,32-41
good,33,32-41
bad,39,32-41
bad,32,32-41
bad,26,22-31
good,35,32-41
bad,66,62-71
good,46,42-51
good,28,22-31
good,43,42-51
good,51,42-51
good,50,42-51
good,23,22-31
good,34,32-41
good,43,42-51
good,23,22-31
good,32,32-41
good,38,32-41
good,57,52-61
good,26,22-31
bad,28,22-31
good,54,52-61
good,27,22-31
bad,40,32-41
good,25,22-31
bad,60,52-61
good,34,32-41
good,59,52-61
good,23,22-31
good,26,22-31
bad,23,22-31
bad,37,32-41
good,28,22-31
good,49,42-51
good,52,52-61
good,28,22-31
good,66,62-71
good,41,32-41
good,31,22-31
good,30,22-31
good,38,32-41
good,39,32-41
bad,43,42-51
good,25,22-31
good,31,22-31
good,37,32-41
bad,63,62-71
good,50,42-51
bad,66,62-71
bad,42,42-51
bad,51,42-51
good,27,22-31
bad,44,42-51
bad,34,32-41
good,64,62-71
good,31,22-31
good,60,52-61
good,36,32-41
good,45,42-51
bad,26,22-31
good,49,42-51
good,32,32-41
good,26,22-31
bad,42,42-51
bad,34,32-41
good,26,22-31
bad,29,22-31
good,63,62-71
good,34,32-41
bad,61,52-61
bad,24,22-31
good,35,32-41
good,27,22-31
bad,55,52-61
good,24,22-31
good,25,22-31
bad,40,32-41
good,33,32-41
good,27,22-31
good,36,32-41
good,54,52-61
bad,33,32-41
good,29,22-31
bad,23,22-31
good,24,22-31
good,27,22-31
good,24,22-31
good,48,42-51
good,27,22-31
bad,39,32-41
good,38,32-41
good,35,32-41
good,50,42-51
good,27,22-31
good,37,32-41
good,24,22-31
bad,22,22-31
good,40,32-41
good,65,62-71
good,24,22-31
good,54,52-61
bad,24,22-31
good,57,52-61
good,22,22-31
good,54,52-61
good,55,52-61
bad,40,32-41
good,40,32-41
bad,37,32-41
good,29,22-31
good,67,62-71
good,34,32-41
good,47,42-51
good,33,32-41
good,27,22-31
good,24,22-31
good,27,22-31
good,33,32-41
bad,23,22-31
bad,27,22-31
good,27,22-31
good,48,42-51
good,26,22-31
good,37,32-41
good,55,52-61
bad,23,22-31
bad,41,32-41
good,26,22-31
bad,25,22-31
good,25,22-31
good,26,22-31
good,35,32-41
good,33,32-41
good,35,32-41
bad,25,22-31
bad,33,32-41
good,55,52-61
good,24,22-31
good,35,32-41
bad,29,22-31
good,44,42-51
good,32,32-41
good,30,22-31
bad,41,32-41
good,63,62-71
good,32,32-41
good,32,32-41
good,24,22-31
good,31,22-31
bad,23,22-31
good,42,42-51
good,23,22-31
good,25,22-31
bad,61,52-61
good,25,22-31
good,27,22-31
good,36,32-41
good,30,22-31
good,27,22-31
bad,30,22-31
good,33,32-41
bad,74,
good,46,42-51
bad,55,52-61
bad,23,22-31
good,39,32-41
good,37,32-41
bad,38,32-41
good,27,22-31
bad,23,22-31
bad,45,42-51
good,42,42-51
bad,26,22-31
good,30,22-31
good,37,32-41
good,45,42-51
good,63,62-71
good,27,22-31
good,38,32-41
good,46,42-51
bad,22,22-31
good,46,42-51
good,25,22-31
good,43,42-51
good,23,22-31
good,27,22-31
good,31,22-31
good,32,32-41
bad,26,22-31
good,54,52-61
bad,23,22-31
good,29,22-31
good,37,32-41
bad,53,52-61
good,22,22-31
bad,22,22-31
good,22,22-31
good,42,42-51
good,35,32-41
bad,22,22-31
good,30,22-31
bad,35,32-41
good,47,42-51
good,36,32-41
good,28,22-31
good,33,32-41
good,36,32-41
good,25,22-31
good,36,32-41
good,30,22-31
good,43,42-51
bad,44,42-51
good,27,22-31
bad,42,42-51
bad,25,22-31
good,24,22-31
bad,53,52-61
good,22,22-31
good,32,32-41
bad,46,42-51
good,27,22-31
good,31,22-31
bad,25,22-31
good,41,32-41
good,47,42-51
good,25,22-31
good,42,42-51
good,58,52-61
good,47,42-51
bad,37,32-41
good,26,22-31
good,27,22-31
good,31,22-31
bad,24,22-31
bad,49,42-51
good,23,22-31
good,32,32-41
bad,28,22-31
good,29,22-31
bad,47,42-51
bad,30,22-31
bad,26,22-31
good,49,42-51
good,22,22-31
good,24,22-31
bad,31,22-31
bad,45,42-51
bad,34,32-41
good,22,22-31
good,32,32-41
good,37,32-41
good,34,32-41
good,25,22-31
good,56,52-61
good,52,52-61
good,40,32-41
good,38,32-41
good,65,62-71
good,30,22-31
bad,23,22-31
good,66,62-71
good,38,32-41
bad,33,32-41
bad,26,22-31
good,35,32-41
good,66,62-71
good,49,42-51
bad,27,22-31
good,26,22-31
good,28,22-31
good,35,32-41
good,74,
good,34,32-41
good,30,22-31
good,35,32-41
good,40,32-41
good,32,32-41
good,30,22-31
good,44,42-51
bad,31,22-31
good,38,32-41
good,50,42-51
good,40,32-41
good,51,42-51
good,24,22-31
bad,24,22-31
good,25,22-31
bad,42,42-51
bad,26,22-31
good,27,22-31
good,36,32-41
good,49,42-51
good,37,32-41
good,44,42-51
good,47,42-51
bad,55,52-61
good,74,
good,36,32-41
good,23,22-31
good,25,22-31
bad,32,32-41
good,30,22-31
good,28,22-31
good,41,32-41
good,29,22-31
good,41,32-41
good,29,22-31
good,28,22-31
good,34,32-41
good,43,42-51
good,38,32-41
bad,28,22-31
good,39,32-41
good,23,22-31
bad,25,22-31
bad,43,42-51
bad,22,22-31
good,22,22-31
good,37,32-41
bad,33,32-41
bad,36,32-41
good,22,22-31
good,37,32-41
good,32,32-41
bad,53,52-61
bad,31,22-31
good,32,32-41
good,66,62-71
good,35,32-41
bad,30,22-31
good,32,32-41
good,49,42-51
good,42,42-51
good,27,22-31
bad,57,52-61
bad,36,32-41
good,42,42-51
bad,47,42-51
bad,32,32-41
bad,25,22-31
good,29,22-31
good,26,22-31
good,27,22-31
good,31,22-31
bad,32,32-41
good,29,22-31
good,28,22-31
good,30,22-31
good,31,22-31
good,50,42-51
good,60,52-61
good,50,42-51
good,36,32-41
good,29,22-31
good,34,32-41
good,42,42-51
good,42,42-51
good,25,22-31
good,48,42-51
good,45,42-51
bad,34,32-41
bad,39,32-41
good,36,32-41
good,40,32-41
good,48,42-51
good,26,22-31
good,59,52-61
good,31,22-31
bad,25,22-31
bad,59,52-61
good,40,32-41
bad,53,52-61
good,34,32-41
good,41,32-41
good,24,22-31
bad,29,22-31
good,30,22-31
bad,28,22-31
good,27,22-31
good,35,32-41
good,23,22-31
bad,26,22-31
good,40,32-41
good,23,22-31
good,23,22-31
good,29,22-31
bad,28,22-31
good,59,52-61
good,47,42-51
good,47,42-51
good,25,22-31
good,32,32-41
good,47,42-51
good,31,22-31
good,34,32-41
bad,30,22-31
bad,24,22-31
good,55,52-61
good,37,32-41
bad,25,22-31
bad,22,22-31
bad,35,32-41
good,35,32-41
good,38,32-41
good,38,32-41
good,43,42-51
bad,33,32-41
good,26,22-31
good,25,22-31
good,37,32-41
bad,29,22-31
good,33,32-41
bad,28,22-31
bad,55,52-61
good,31,22-31
good,50,42-51
good,44,42-51
good,43,42-51
good,35,32-41
good,34,32-41
good,31,22-31
bad,29,22-31
bad,29,22-31
good,40,32-41
bad,44,42-51
good,45,42-51
good,39,32-41
good,37,32-41
good,32,32-41
good,49,42-51
good,28,22-31
good,28,22-31
good,30,22-31
good,33,32-41
bad,24,22-31
good,25,22-31
bad,46,42-51
bad,25,22-31
good,48,42-51
good,25,22-31
good,63,62-71
good,30,22-31
good,48,42-51
good,49,42-51
good,38,32-41
good,35,32-41
good,38,32-41
bad,29,22-31
good,23,22-31
good,24,22-31
bad,29,22-31
good,36,32-41
good,23,22-31
bad,25,22-31
good,22,22-31
good,33,32-41
good,32,32-41
good,37,32-41
bad,57,52-61
good,33,32-41
good,34,32-41
good,23,22-31
good,22,22-31
bad,34,32-41
good,36,32-41
good,29,22-31
bad,24,22-31
good,40,32-41
bad,25,22-31
good,37,32-41
good,29,22-31
good,27,22-31
bad,36,32-41
good,52,52-61
good,33,32-41
bad,27,22-31
bad,30,22-31
good,66,62-71
good,41,32-41
bad,25,22-31
good,28,22-31
good,62,62-71
bad,31,22-31
good,37,32-41
good,30,22-31
good,26,22-31
good,31,22-31
good,25,22-31
good,28,22-31
good,31,22-31
good,45,42-51
bad,30,22-31
good,32,32-41
good,27,22-31
good,27,22-31
bad,40,32-41
good,35,32-41
good,44,42-51
good,36,32-41
bad,41,32-41
good,32,32-41
good,31,22-31
good,47,42-51
good,40,32-41
bad,45,42-51
good,34,32-41
good,36,32-41
good,52,52-61
good,38,32-41
good,28,22-31
bad,53,52-61
good,52,52-61
bad,27,22-31
good,23,22-31
good,37,32-41
bad,28,22-31
good,40,32-41
good,27,22-31
bad,32,32-41
good,42,42-51
good,47,42-51
good,37,32-41
good,32,32-41
good,43,42-51
good,43,42-51
good,31,22-31
good,31,22-31
bad,25,22-31
good,36,32-41
good,26,22-31
good,28,22-31
bad,34,32-41
good,37,32-41
good,40,32-41
good,25,22-31
good,60,52-61
good,28,22-31
good,36,32-41
bad,28,22-31
good,35,32-41
good,34,32-41
bad,31,22-31
bad,31,22-31
good,30,22-31
good,27,22-31
bad,30,22-31
good,37,32-41
bad,48,42-51
bad,54,52-61
bad,25,22-31
good,23,22-31
good,40,32-41
good,74,
bad,28,22-31
bad,42,42-51
good,30,22-31
good,37,32-41
good,28,22-31
good,53,52-61
good,30,22-31
good,37,32-41
good,28,22-31
good,26,22-31
good,22,22-31
good,35,32-41
good,30,22-31
good,22,22-31
good,27,22-31
good,26,22-31
bad,25,22-31
good,43,42-51
good,43,42-51
good,35,32-41
good,29,22-31
good,48,42-51
bad,26,22-31
bad,29,22-31
good,40,32-41
good,47,42-51
good,48,42-51
good,67,62-71
good,27,22-31
good,38,32-41
good,37,32-41
good,36,32-41
good,36,32-41
good,22,22-31
good,42,42-51
good,28,22-31
good,26,22-31
good,36,32-41
good,29,22-31
good,35,32-41
good,35,32-41
good,29,22-31
good,39,32-41
good,35,32-41
good,36,32-41
bad,29,22-31
bad,42,42-51
bad,24,22-31
good,27,22-31
bad,24,22-31
good,31,22-31
bad,23,22-31
good,34,32-41
good,31,22-31
good,35,32-41
good,38,32-41
good,46,42-51
good,22,22-31
bad,36,32-41
good,39,32-41
good,36,32-41
good,39,32-41
good,24,22-31
good,35,32-41
good,27,22-31
bad,27,22-31
good,28,22-31
good,37,32-41
good,35,32-41
good,55,52-61
good,31,22-31
good,39,32-41
good,44,42-51
good,42,42-51
good,30,22-31
good,30,22-31
good,41,32-41
good,43,42-51
bad,74,
good,63,62-71
good,33,32-41
bad,51,42-51
bad,33,32-41
bad,27,22-31
good,56,52-61
bad,31,22-31
good,39,32-41
good,24,22-31
good,26,22-31
bad,48,42-51
bad,58,52-61
good,28,22-31
good,54,52-61
good,26,22-31
good,31,22-31
bad,24,22-31
good,36,32-41
bad,25,22-31
good,45,42-51
good,38,32-41
bad,22,22-31
good,40,32-41
good,24,22-31
good,51,42-51
good,26,22-31
good,28,22-31
good,30,22-31
good,27,22-31
good,32,32-41
good,58,52-61
bad,23,22-31
bad,28,22-31
good,35,32-41
good,47,42-51
good,30,22-31
good,48,42-51
bad,38,32-41
good,24,22-31
good,52,52-61
good,37,32-41
bad,33,32-41
good,63,62-71
bad,29,22-31
good,29,22-31
good,35,32-41
bad,60,52-61
bad,23,22-31
good,24,22-31
good,33,32-41
bad,45,42-51
bad,22,22-31
good,40,32-41
bad,23,22-31
good,26,22-31
bad,42,42-51
good,22,22-31
good,26,22-31
bad,25,22-31
good,34,32-41
bad,23,22-31
bad,23,22-31
good,63,62-71
good,28,22-31
good,36,32-41
bad,58,52-61
bad,34,32-41
bad,37,32-41
good,32,32-41
bad,28,22-31
good,43,42-51
good,43,42-51
good,39,32-41
good,40,32-41
good,46,42-51
bad,31,22-31
good,37,32-41
good,56,52-61
good,30,22-31
bad,53,52-61
bad,27,22-31
bad,23,22-31
good,24,22-31
good,49,42-51
good,49,42-51
good,67,62-71
good,26,22-31
good,52,52-61
good,38,32-41
good,65,62-71
good,28,22-31
bad,57,52-61
good,31,22-31
good,49,42-51
bad,30,22-31
good,33,32-41
good,41,32-41
good,23,22-31
bad,34,32-41
bad,30,22-31
good,27,22-31
good,26,22-31
good,27,22-31
good,52,52-61
bad,29,22-31
bad,30,22-31
good,24,22-31
good,41,32-41
good,32,32-41
bad,27,22-31
bad,24,22-31
bad,38,32-41
good,50,42-51
good,29,22-31
good,54,52-61
bad,22,22-31
good,31,22-31
good,36,32-41
good,27,22-31
good,30,22-31
bad,36,32-41
good,47,42-51
bad,39,32-41
good,38,32-41
good,28,22-31
bad,54,52-61
good,49,42-51
bad,29,22-31
good,33,32-41
bad,25,22-31
good,58,52-61
bad,45,42-51
good,30,22-31
bad,22,22-31
good,32,32-41
good,51,42-51
good,34,32-41
good,29,22-31
good,45,42-51
bad,26,22-31
good,24,22-31
good,32,32-41
good,47,42-51
bad,48,42-51
bad,24,22-31
good,29,22-31
good,33,32-41
good,57,52-61
bad,45,42-51
good,50,42-51
bad,33,32-41
good,44,42-51
good,32,32-41
good,23,22-31
good,43,42-51
good,57,52-61
bad,23,22-31
bad,25,22-31
good,63,62-71
good,26,22-31
good,24,22-31
bad,47,42-51
good,26,22-31
bad,29,22-31
good,66,62-71
good,27,22-31
good,35,32-41
good,24,22-31
bad,35,32-41
good,27,22-31
good,22,22-31
good,28,22-31
bad,28,22-31
bad,26,22-31
good,25,22-31
bad,25,22-31
good,63,62-71
good,44,42-51
good,43,42-51
bad,27,22-31
good,33,32-41
good,25,22-31
good,40,32-41
good,43,42-51
bad,24,22-31
good,32,32-41
good,23,22-31
good,61,52-61
good,61,52-61
bad,52,52-61
good,37,32-41
bad,28,22-31
bad,39,32-41
bad,35,32-41
good,36,32-41
good,29,22-31
good,37,32-41
good,33,32-41
good,61,52-61
bad,32,32-41
good,26,22-31
good,26,22-31
bad,25,22-31
good,34,32-41
good,46,42-51
good,63,62-71
good,26,22-31
good,61,52-61
good,24,22-31
bad,25,22-31
good,49,42-51
bad,26,22-31
good,23,22-31
good,42,42-51
good,27,22-31
good,46,42-51
good,30,22-31
bad,60,52-61
bad,24,22-31
bad,24,22-31
good,45,42-51
good,31,22-31
good,36,32-41
bad,25,22-31
good,31,22-31
good,41,32-41
good,45,42-51
good,32,32-41
good,32,32-41
good,31,22-31
bad,23,22-31
bad,46,42-51
good,54,52-61
good,40,32-41
good,32,32-41
good,34,32-41
good,44,42-51
good,23,22-31
good,36,32-41
good,37,32-41
bad,33,32-41
bad,23,22-31
bad,31,22-31
good,27,22-31
good,44,42-51
good,35,32-41
good,47,42-51
bad,57,52-61
good,44,42-51
good,36,32-41
good,40,32-41
bad,27,22-31
bad,41,32-41
good,25,22-31
bad,29,22-31
bad,24,22-31
good,24,22-31
good,31,22-31
good,32,32-41
good,31,22-31
bad,29,22-31
bad,22,22-31
good,37,32-41
good,42,42-51
bad,68,62-71
good,32,32-41
good,43,42-51
good,25,22-31
good,26,22-31
bad,60,52-61
bad,68,62-71
good,23,22-31
bad,25,22-31
bad,24,22-31
good,27,22-31
bad,34,32-41
good,36,32-41
good,40,32-41
good,25,22-31
good,28,22-31
good,51,42-51
good,31,22-31
bad,39,32-41
good,31,22-31
good,57,52-61
good,56,52-61
bad,55,52-61
good,23,22-31
good,34,32-41
bad,31,22-31
bad,31,22-31
good,61,52-61
good,38,32-41
bad,44,42-51
good,46,42-51
bad,39,32-41
bad,55,52-61
good,41,32-41
good,53,52-61
good,42,42-51
good,30,22-31
good,64,62-71
good,47,42-51
bad,32,32-41
good,28,22-31
good,26,22-31
good,54,52-61
good,35,32-41
good,42,42-51
good,35,32-41
good,34,32-41
bad,41,32-41
good,41,32-41
bad,34,32-41
bad,47,42-51
good,35,32-41
bad,46,42-51
good,46,42-51
bad,33,32-41
good,45,42-51
bad,31,22-31
bad,34,32-41
good,22,22-31
good,39,32-41
bad,43,42-51
good,25,22-31
good,35,32-41
good,62,62-71
good,30,22-31
good,40,32-41
good,47,42-51
bad,26,22-31
bad,27,22-31
good,24,22-31
good,37,32-41
good,42,42-51
good,22,22-31
good,38,32-41
good,28,22-31
bad,24,22-31
bad,29,22-31
good,36,32-41
bad,33,32-41
bad,32,32-41
good,44,42-51
good,36,32-41
bad,24,22-31
good,42,42-51
good,58,52-61
bad,24,22-31
good,27,22-31
good,26,22-31
good,55,52-61
good,46,42-51
good,26,22-31
good,46,42-51
good,41,32-41
bad,38,32-41
good,36,32-41
good,36,32-41
good,26,22-31
good,50,42-51
good,35,32-41
good,22,22-31
bad,26,22-31
bad,37,32-41
good,35,32-41
good,63,62-71
good,42,42-51
good,25,22-31
bad,38,32-41
bad,42,42-51
good,29,22-31
bad,43,42-51
good,58,52-61
good,28,22-31
good,41,32-41
bad,46,42-51
good,38,32-41
good,32,32-41
good,51,42-51
bad,23,22-31
bad,23,22-31
good,38,32-41
good,30,22-31
bad,31,22-31
bad,55,52-61
good,39,32-41
bad,27,22-31
good,41,32-41
good,27,22-31
good,39,32-41
good,31,22-31
good,30,22-31
good,22,22-31
good,46,42-51
good,24,22-31
good,39,32-41
bad,37,32-41
good,63,62-71
bad,25,22-31
good,27,22-31
bad,37,32-41
good,30,22-31
good,33,32-41
good,55,52-61
good,42,42-51
bad,23,22-31
good,29,22-31
bad,43,42-51
good,43,42-51
good,46,42-51
good,29,22-31
good,29,22-31
good,27,22-31
good,41,32-41
good,22,22-31
good,30,22-31
good,54,52-61
good,49,42-51
good,33,32-41
good,23,22-31
good,55,52-61
good,38,32-41
good,47,42-51
bad,24,22-31
good,54,52-61
good,64,62-71
good,27,22-31
good,39,32-41
bad,41,32-41
good,35,32-41
good,54,52-61
bad,26,22-31
bad,33,32-41
good,26,22-31
good,24,22-31
bad,23,22-31
good,54,52-61
good,32,32-41
good,38,32-41
good,46,42-51
bad,35,32-41
bad,47,42-51
good,36,32-41
good,24,22-31
good,27,22-31
good,27,22-31
good,45,42-51
good,23,22-31
good,65,62-71
good,70,62-71
good,31,22-31
good,33,32-41
good,25,22-31
good,30,22-31
good,23,22-31
bad,34,32-41
bad,31,22-31
good,31,22-31
bad,39,32-41
good,32,32-41
bad,32,32-41
good,32,32-41
good,37,32-41
bad,28,22-31
bad,28,22-31
good,36,32-41
good,56,52-61
good,23,22-31
bad,39,32-41
good,38,32-41
good,54,52-61
good,45,42-51
bad,40,32-41
good,28,22-31
good,38,32-41
good,55,52-61
good,51,42-51
good,26,22-31
bad,36,32-41
bad,23,22-31
good,34,32-41
good,26,22-31
good,28,22-31
good,45,42-51
good,47,42-51
good,40,32-41
good,54,52-61
good,26,22-31
bad,24,22-31
bad,46,42-51
good,46,42-51
good,54,52-61
bad,31,22-31
good,35,32-41
bad,30,22-31
bad,53,52-61
bad,42,42-51
good,23,22-31
bad,37,32-41
good,63,62-71
good,26,22-31
good,31,22-31
good,52,52-61
bad,30,22-31
good,34,32-41
good,65,62-71
bad,47,42-51
bad,30,22-31
good,31,22-31
good,32,32-41
good,40,32-41
bad,25,22-31
good,34,32-41
good,36,32-41
bad,43,42-51
good,27,22-31
good,67,62-71
bad,41,32-41
bad,36,32-41
bad,47,42-51
bad,60,52-61
good,46,42-51
bad,43,42-51
good,33,32-41
good,32,32-41
bad,57,52-61
bad,28,22-31
good,30,22-31
good,48,42-51
good,26,22-31
good,31,22-31
good,41,32-41
good,60,52-61
good,44,42-51
good,23,22-31
good,26,22-31
good,33,32-41
good,36,32-41
bad,37,32-41
good,34,32-41
bad,31,22-31
bad,24,22-31
good,23,22-31
good,24,22-31
bad,25,22-31
good,24,22-31
bad,26,22-31
good,36,32-41
good,47,42-51
good,30,22-31
good,22,22-31
good,24,22-31
bad,41,32-41
bad,33,32-41
bad,23,22-31
bad,25,22-31
good,35,32-41
good,23,22-31
good,24,22-31
good,25,22-31
bad,45,42-51
good,43,42-51
good,26,22-31
good,32,32-41
good,35,32-41
bad,46,42-51
bad,27,22-31
good,26,22-31
bad,32,32-41
good,42,42-51
good,30,22-31
good,31,22-31
good,33,32-41
good,34,32-41
good,36,32-41
bad,46,42-51
good,52,52-61
good,32,32-41
bad,38,32-41
bad,27,22-31
good,44,42-51
bad,24,22-31
good,36,32-41
good,37,32-41
good,57,52-61
good,30,22-31
bad,53,52-61
good,49,42-51
bad,39,32-41
good,27,22-31
good,25,22-31
good,31,22-31
good,28,22-31
good,37,32-41
bad,46,42-51
bad,37,32-41
good,34,32-41
bad,66,62-71
bad,25,22-31
bad,26,22-31
good,37,32-41
good,34,32-41
good,41,32-41
good,35,32-41
good,24,22-31
bad,26,22-31
bad,33,32-41
good,27,22-31
good,41,32-41
good,36,32-41
bad,25,22-31
bad,50,42-51
good,35,32-41
bad,28,22-31
bad,29,22-31
bad,25,22-31
good,48,42-51
good,39,32-41
good,40,32-41
good,36,32-41
good,65,62-71
good,40,32-41
good,40,32-41
bad,33,32-41
good,34,32-41
good,31,22-31
bad,30,22-31
bad,32,32-41
good,31,22-31
bad,24,22-31
bad,35,32-41
bad,33,32-41
good,34,32-41
bad,23,22-31
bad,27,22-31
good,28,22-31
good,31,22-31
good,43,42-51
good,42,42-51
bad,40,32-41
good,25,22-31
bad,48,42-51
good,31,22-31
bad,33,32-41
good,68,62-71
bad,24,22-31
good,68,62-71
good,49,42-51
good,28,22-31
good,38,32-41
good,38,32-41
good,36,32-41
bad,22,22-31
good,26,22-31
bad,37,32-41
good,30,22-31
good,50,42-51
good,36,32-41
good,33,32-41
bad,30,22-31
good,43,42-51
good,30,22-31
good,30,22-31
good,27,22-31
good,36,32-41
bad,23,22-31
good,25,22-31
bad,24,22-31
good,50,42-51
bad,34,32-41
good,32,32-41
bad,32,32-41
good,46,42-51
bad,46,42-51
good,63,62-71
good,36,32-41
good,28,22-31
good,56,52-61
good,38,32-41
good,40,32-41
good,24,22-31
good,23,22-31
good,42,42-51
good,28,22-31
bad,59,52-61
good,62,62-71
bad,34,32-41
bad,34,32-41
good,24,22-31
good,53,52-61
good,32,32-41
good,38,32-41
bad,24,22-31
good,56,52-61
bad,24,22-31
good,36,32-41
good,51,42-51
good,38,32-41
good,46,42-51
good,51,42-51
good,42,42-51
bad,68,62-71
good,26,22-31
bad,25,22-31
good,28,22-31
good,29,22-31
good,26,22-31
bad,39,32-41
good,29,22-31
good,50,42-51
good,24,22-31
bad,66,62-71
good,22,22-31
good,26,22-31
good,35,32-41
bad,24,22-31
good,46,42-51
good,28,22-31
good,30,22-31
bad,37,32-41
good,29,22-31
good,43,42-51
good,27,22-31
good,28,22-31
good,30,22-31
bad,46,42-51
good,37,32-41
bad,25,22-31
bad,68,62-71
bad,30,22-31
good,34,32-41
good,33,32-41
bad,25,22-31
good,39,32-41
bad,50,42-51
bad,26,22-31
good,38,32-41
good,28,22-31
bad,34,32-41
bad,24,22-31
good,41,32-41
good,26,22-31
good,40,32-41
good,24,22-31
bad,26,22-31
good,45,42-51
bad,29,22-31
good,28,22-31
bad,51,42-51
good,30,22-31
good,38,32-41
bad,23,22-31
good,45,42-51
good,44,42-51
good,23,22-31
bad,34,32-41
good,33,32-41
bad,44,42-51
bad,58,52-61
good,36,32-41
good,38,32-41
good,46,42-51
good,30,22-31
good,36,32-41
good,39,32-41
good,25,22-31
good,35,32-41
good,27,22-31
bad,26,22-31
good,23,22-31
bad,24,22-31
good,45,42-51
good,28,22-31
good,32,32-41
good,47,42-51
bad,31,22-31
good,24,22-31
good,57,52-61
good,42,42-51
good,66,62-71
good,28,22-31
good,53,52-61
good,42,42-51
good,33,32-41
bad,42,42-51
good,33,32-41
good,26,22-31
bad,30,22-31
good,29,22-31
good,26,22-31
good,63,62-71
bad,35,32-41
good,23,22-31
good,26,22-31
bad,39,32-41
good,37,32-41
bad,28,22-31
good,52,52-61
bad,54,52-61
good,34,32-41
good,29,22-31
good,31,22-31
bad,28,22-31
bad,29,22-31
bad,44,42-51
bad,39,32-41
good,27,22-31
good,25,22-31
good,58,52-61
bad,25,22-31
good,64,62-71
bad,25,22-31
bad,25,22-31
good,33,32-41
good,64,62-71
good,34,32-41
bad,26,22-31
bad,24,22-31
bad,31,22-31
bad,60,52-61
good,45,42-51
good,25,22-31
good,41,32-41
good,32,32-41
good,35,32-41
good,54,52-61
good,47,42-51
good,27,22-31
bad,24,22-31
bad,24,22-31
good,55,52-61
good,51,42-51
good,35,32-41
good,44,42-51
good,49,42-51
good,49,42-51
good,35,32-41
good,37,32-41
good,26,22-31
good,51,42-51
good,39,32-41
good,26,22-31
bad,28,22-31
bad,23,22-31
bad,27,22-31
bad,23,22-31
bad,61,52-61
good,27,22-31
good,47,42-51
good,34,32-41
good,46,42-51
good,27,22-31
bad,50,42-51
good,29,22-31
good,26,22-31
good,40,32-41
good,51,42-51
bad,24,22-31
bad,42,42-51
bad,30,22-31
good,23,22-31
bad,24,22-31
good,25,22-31
good,40,32-41
good,25,22-31
good,26,22-31
good,30,22-31
good,27,22-31
bad,46,42-51
bad,28,22-31
good,42,42-51
good,26,22-31
bad,24,22-31
good,29,22-31
good,29,22-31
good,23,22-31
bad,30,22-31
good,36,32-41
bad,36,32-41
good,35,32-41
good,28,22-31
bad,33,32-41
good,36,32-41
bad,54,52-61
good,38,32-41
good,40,32-41
good,27,22-31
bad,27,22-31
good,48,42-51
good,44,42-51
good,36,32-41
good,40,32-41
bad,23,22-31
bad,35,32-41
good,26,22-31
bad,23,22-31
good,31,22-31
good,33,32-41
bad,36,32-41
good,30,22-31
good,30,22-31
good,48,42-51
good,64,62-71
good,27,22-31
bad,65,62-71
good,24,22-31
bad,47,42-51
good,29,22-31
good,34,32-41
bad,22,22-31
bad,35,32-41
good,41,32-41
good,42,42-51
good,46,42-51
good,28,22-31
bad,25,22-31
good,31,22-31
good,27,22-31
bad,55,52-61
good,41,32-41
bad,26,22-31
bad,29,22-31
good,50,42-51
good,28,22-31
good,27,22-31
good,65,62-71
good,35,32-41
good,23,22-31
good,28,22-31
bad,33,32-41
good,39,32-41
bad,40,32-41
good,23,22-31
good,49,42-51
good,31,22-31
good,36,32-41
bad,25,22-31
bad,36,32-41
bad,34,32-41
good,37,32-41
good,49,42-51
good,40,32-41
good,47,42-51
good,26,22-31
good,35,32-41
good,35,32-41
good,48,42-51
bad,33,32-41
bad,22,22-31
bad,33,32-41
good,25,22-31
good,38,32-41
good,36,32-41
good,27,22-31
good,26,22-31
good,30,22-31
bad,27,22-31
good,38,32-41
good,45,42-51
good,60,52-61
good,27,22-31
good,64,62-71
bad,41,32-41
good,62,62-71
good,27,22-31
good,50,42-51
good,27,22-31
good,50,42-51
good,38,32-41
good,30,22-31
good,35,32-41
good,48,42-51
good,34,32-41
bad,26,22-31
good,28,22-31
good,30,22-31
bad,26,22-31
good,43,42-51
bad,29,22-31
good,33,32-41
bad,30,22-31
good,74,
good,36,32-41
bad,50,42-51
good,25,22-31
good,30,22-31
good,45,42-51
bad,68,62-71
good,22,22-31
bad,23,22-31
good,41,32-41
good,30,22-31
bad,57,52-61
bad,37,32-41
bad,24,22-31
good,42,42-51
bad,35,32-41
good,27,22-31
good,34,32-41
good,37,32-41
good,31,22-31
good,34,32-41
bad,28,22-31
bad,26,22-31
good,22,22-31
good,35,32-41
good,26,22-31
good,27,22-31
bad,37,32-41
good,52,52-61
good,44,42-51
good,23,22-31
good,47,42-51
good,35,32-41
good,27,22-31
bad,42,42-51
bad,30,22-31
good,35,32-41
bad,27,22-31
good,44,42-51
good,28,22-31
bad,28,22-31
good,66,62-71
bad,48,42-51
good,37,32-41
good,39,32-41
good,46,42-51
good,24,22-31
good,31,22-31
bad,27,22-31
bad,68,62-71
good,22,22-31
bad,30,22-31
good,39,32-41
good,26,22-31
bad,27,22-31
good,45,42-51
good,23,22-31
good,32,32-41
good,28,22-31
good,35,32-41
good,32,32-41
good,42,42-51
good,32,32-41
bad,44,42-51
bad,31,22-31
bad,24,22-31
good,33,32-41
bad,40,32-41
bad,59,52-61
bad,28,22-31
good,38,32-41
bad,23,22-31
good,31,22-31
bad,36,32-41
good,22,22-31
good,26,22-31
bad,23,22-31
good,46,42-51
good,45,42-51
good,29,22-31
bad,25,22-31
good,26,22-31
good,25,22-31
good,29,22-31
bad,25,22-31
bad,40,32-41
good,33,32-41
good,26,22-31
bad,38,32-41
good,48,42-51
bad,32,32-41
bad,53,52-61
good,31,22-31
good,35,32-41
bad,22,22-31
good,46,42-51
good,32,32-41
good,26,22-31
good,35,32-41
good,23,22-31
good,28,22-31
bad,28,22-31
good,29,22-31
bad,41,32-41
bad,47,42-51
bad,29,22-31
good,57,52-61
good,27,22-31
good,44,42-51
good,28,22-31
bad,43,42-51
good,30,22-31
good,39,32-41
bad,29,22-31
good,36,32-41
good,33,32-41
bad,27,22-31
bad,23,22-31
good,24,22-31
good,40,32-41
good,32,32-41
good,36,32-41
good,27,22-31
bad,25,22-31
good,31,22-31
good,65,62-71
good,51,42-51
good,42,42-51
good,30,22-31
good,41,32-41
good,34,32-41
bad,37,32-41
good,31,22-31
bad,25,22-31
bad,65,62-71
good,35,32-41
good,59,52-61
good,35,32-41
good,33,32-41
bad,39,32-41
bad,32,32-41
bad,26,22-31
good,35,32-41
bad,66,62-71
good,46,42-51
good,28,22-31
good,43,42-51
good,51,42-51
good,50,42-51
good,23,22-31
good,34,32-41
good,43,42-51
good,23,22-31
good,32,32-41
good,38,32-41
good,57,52-61
good,26,22-31
bad,28,22-31
good,54,52-61
good,27,22-31
bad,40,32-41
good,25,22-31
bad,60,52-61
good,34,32-41
good,59,52-61
good,23,22-31
good,26,22-31
bad,23,22-31
bad,37,32-41
good,28,22-31
good,49,42-51
good,52,52-61
good,28,22-31
good,66,62-71
good,41,32-41
good,31,22-31
good,30,22-31
good,38,32-41
good,39,32-41
bad,43,42-51
good,25,22-31
good,31,22-31
good,37,32-41
bad,63,62-71
good,50,42-51
bad,66,62-71
bad,42,42-51
bad,51,42-51
good,27,22-31
bad,44,42-51
bad,34,32-41
good,64,62-71
good,31,22-31
good,60,52-61
good,36,32-41
good,45,42-51
bad,26,22-31
good,49,42-51
good,32,32-41
good,26,22-31
bad,42,42-51
bad,34,32-41
good,26,22-31
bad,29,22-31
good,63,62-71
good,34,32-41
bad,61,52-61
bad,24,22-31
good,35,32-41
good,27,22-31
bad,55,52-61
good,24,22-31
good,25,22-31
bad,40,32-41
good,33,32-41
good,27,22-31
good,36,32-41
good,54,52-61
bad,33,32-41
good,29,22-31
bad,23,22-31
good,24,22-31
good,27,22-31
good,24,22-31
good,48,42-51
good,27,22-31
bad,39,32-41
good,38,32-41
good,35,32-41
good,50,42-51
good,27,22-31
good,37,32-41
good,24,22-31
bad,22,22-31
good,40,32-41
good,65,62-71
good,24,22-31
good,54,52-61
bad,24,22-31
good,57,52-61
good,22,22-31
good,54,52-61
good,55,52-61
bad,40,32-41
good,40,32-41
bad,37,32-41
good,29,22-31
good,67,62-71
good,34,32-41
good,47,42-51
good,33,32-41
good,27,22-31
good,24,22-31
good,27,22-31
good,33,32-41
bad,23,22-31
bad,27,22-31
good,27,22-31
good,48,42-51
good,26,22-31
good,37,32-41
good,55,52-61
bad,23,22-31
bad,41,32-41
good,26,22-31
bad,25,22-31
good,25,22-31
good,26,22-31
good,35,32-41
good,33,32-41
good,35,32-41
bad,25,22-31
bad,33,32-41
good,55,52-61
good,24,22-31
good,35,32-41
bad,29,22-31
good,44,42-51
good,32,32-41
good,30,22-31
bad,41,32-41
good,63,62-71
good,32,32-41
good,32,32-41
good,24,22-31
good,31,22-31
bad,23,22-31
good,42,42-51
good,23,22-31
good,25,22-31
bad,61,52-61
good,25,22-31
good,27,22-31
good,36,32-41
good,30,22-31
good,27,22-31
bad,30,22-31
good,33,32-41
bad,74,
good,46,42-51
bad,55,52-61
bad,23,22-31
good,39,32-41
good,37,32-41
bad,38,32-41
good,27,22-31
bad,23,22-31
bad,45,42-51
good,42,42-51
bad,26,22-31
good,30,22-31
good,37,32-41
good,45,42-51
good,63,62-71
good,27,22-31
good,38,32-41
good,46,42-51
bad,22,22-31
good,46,42-51
good,25,22-31
good,43,42-51
good,23,22-31
good,27,22-31
good,31,22-31
good,32,32-41
bad,26,22-31
good,54,52-61
bad,23,22-31
good,29,22-31
good,37,32-41
bad,53,52-61
good,22,22-31
bad,22,22-31
good,22,22-31
good,42,42-51
good,35,32-41
bad,22,22-31
good,30,22-31
bad,35,32-41
good,47,42-51
good,36,32-41
good,28,22-31
good,33,32-41
good,36,32-41
good,25,22-31
good,36,32-41
good,30,22-31
good,43,42-51
bad,44,42-51
good,27,22-31
bad,42,42-51
bad,25,22-31
good,24,22-31
bad,53,52-61
good,22,22-31
good,32,32-41
bad,46,42-51
good,27,22-31
good,31,22-31
bad,25,22-31
good,41,32-41
good,47,42-51
good,25,22-31
good,42,42-51
good,58,52-61
good,47,42-51
bad,37,32-41
good,26,22-31
good,27,22-31
good,31,22-31
bad,24,22-31
bad,49,42-51
good,23,22-31
good,32,32-41
bad,28,22-31
good,29,22-31
bad,47,42-51
bad,30,22-31
bad,26,22-31
good,49,42-51
good,22,22-31
good,24,22-31
bad,31,22-31
bad,45,42-51
bad,34,32-41
good,22,22-31
good,32,32-41
good,37,32-41
good,34,32-41
good,25,22-31
good,56,52-61
good,52,52-61
good,40,32-41
good,38,32-41
good,65,62-71
good,30,22-31
bad,23,22-31
good,66,62-71
good,38,32-41
bad,33,32-41
bad,26,22-31
good,35,32-41
good,66,62-71
good,49,42-51
bad,27,22-31
good,26,22-31
good,28,22-31
good,35,32-41
good,74,
good,34,32-41
good,30,22-31
good,35,32-41
good,40,32-41
good,32,32-41
good,30,22-31
good,44,42-51
bad,31,22-31
good,38,32-41
good,50,42-51
good,40,32-41
good,51,42-51
good,24,22-31
bad,24,22-31
good,25,22-31
bad,42,42-51
bad,26,22-31
good,27,22-31
good,36,32-41
good,49,42-51
good,37,32-41
good,44,42-51
good,47,42-51
bad,55,52-61
good,74,
good,36,32-41
good,23,22-31
good,25,22-31
bad,32,32-41
good,30,22-31
good,28,22-31
good,41,32-41
good,29,22-31
good,41,32-41
good,29,22-31
good,28,22-31
good,34,32-41
good,43,42-51
good,38,32-41
bad,28,22-31
good,39,32-41
good,23,22-31
bad,25,22-31
bad,43,42-51
bad,22,22-31
good,22,22-31
good,37,32-41
bad,33,32-41
bad,36,32-41
good,22,22-31
good,37,32-41
good,32,32-41
bad,53,52-61
bad,31,22-31
good,32,32-41
good,66,62-71
good,35,32-41
bad,30,22-31
good,32,32-41
good,49,42-51
good,42,42-51
good,27,22-31
bad,57,52-61
bad,36,32-41
good,42,42-51
bad,47,42-51
bad,32,32-41
bad,25,22-31
good,29,22-31
good,26,22-31
good,27,22-31
good,31,22-31
bad,32,32-41
good,29,22-31
good,28,22-31
good,30,22-31
good,31,22-31
good,50,42-51
good,60,52-61
good,50,42-51
good,36,32-41
good,29,22-31
good,34,32-41
good,42,42-51
good,42,42-51
good,25,22-31
good,48,42-51
good,45,42-51
bad,34,32-41
bad,39,32-41
good,36,32-41
good,40,32-41
good,48,42-51
good,26,22-31
good,59,52-61
good,31,22-31
bad,25,22-31
bad,59,52-61
good,40,32-41
bad,53,52-61
good,34,32-41
good,41,32-41
good,24,22-31
bad,29,22-31
good,30,22-31
bad,28,22-31
good,27,22-31
good,35,32-41
good,23,22-31
bad,26,22-31
good,40,32-41
good,23,22-31
good,23,22-31
good,29,22-31
bad,28,22-31
good,59,52-61
good,47,42-51
good,47,42-51
good,25,22-31
good,32,32-41
good,47,42-51
good,31,22-31
good,34,32-41
bad,30,22-31
bad,24,22-31
good,55,52-61
good,37,32-41
bad,25,22-31
bad,22,22-31
bad,35,32-41
good,35,32-41
good,38,32-41
good,38,32-41
good,43,42-51
bad,33,32-41
good,26,22-31
good,25,22-31
good,37,32-41
bad,29,22-31
good,33,32-41
bad,28,22-31
bad,55,52-61
good,31,22-31
good,50,42-51
good,44,42-51
good,43,42-51
good,35,32-41
good,34,32-41
good,31,22-31
bad,29,22-31
bad,29,22-31
good,40,32-41
bad,44,42-51
good,45,42-51
good,39,32-41
good,37,32-41
good,32,32-41
good,49,42-51
good,28,22-31
good,28,22-31
good,30,22-31
good,33,32-41
bad,24,22-31
good,25,22-31
bad,46,42-51
bad,25,22-31
good,48,42-51
good,25,22-31
good,63,62-71
good,30,22-31
good,48,42-51
good,49,42-51
good,38,32-41
good,35,32-41
good,38,32-41
bad,29,22-31
good,23,22-31
good,24,22-31
bad,29,22-31
good,36,32-41
good,23,22-31
bad,25,22-31
good,22,22-31
good,33,32-41
good,32,32-41
good,37,32-41
bad,57,52-61
good,33,32-41
good,34,32-41
good,23,22-31
good,22,22-31
bad,34,32-41
good,36,32-41
good,29,22-31
bad,24,22-31
good,40,32-41
bad,25,22-31
good,37,32-41
good,29,22-31
good,27,22-31
bad,36,32-41
good,52,52-61
good,33,32-41
bad,27,22-31
bad,30,22-31
good,66,62-71
good,41,32-41
bad,25,22-31
good,28,22-31
good,62,62-71
bad,31,22-31
good,37,32-41
good,30,22-31
good,26,22-31
good,31,22-31
good,25,22-31
good,28,22-31
good,31,22-31
good,45,42-51
bad,30,22-31
good,32,32-41
good,27,22-31
good,27,22-31
bad,40,32-41
good,35,32-41
good,44,42-51
good,36,32-41
bad,41,32-41
good,32,32-41
good,31,22-31
good,47,42-51
good,40,32-41
bad,45,42-51
good,34,32-41
good,36,32-41
good,52,52-61
good,38,32-41
good,28,22-31
bad,53,52-61
good,52,52-61
bad,27,22-31
good,23,22-31
good,37,32-41
bad,28,22-31
good,40,32-41
good,27,22-31
bad,32,32-41
good,42,42-51
good,47,42-51
good,37,32-41
good,32,32-41
good,43,42-51
good,43,42-51
good,31,22-31
good,31,22-31
bad,25,22-31
good,36,32-41
good,26,22-31
good,28,22-31
bad,34,32-41
good,37,32-41
good,40,32-41
good,25,22-31
good,60,52-61
good,28,22-31
good,36,32-41
bad,28,22-31
good,35,32-41
good,34,32-41
bad,31,22-31
bad,31,22-31
good,30,22-31
good,27,22-31
bad,30,22-31
good,37,32-41
bad,48,42-51
bad,54,52-61
bad,25,22-31
good,23,22-31
good,40,32-41
good,74,
bad,28,22-31
bad,42,42-51
good,30,22-31
good,37,32-41
good,28,22-31
good,53,52-61
good,30,22-31
good,37,32-41
good,28,22-31
good,26,22-31
good,22,22-31
good,35,32-41
good,30,22-31
good,22,22-31
good,27,22-31
good,26,22-31
bad,25,22-31
good,43,42-51
good,43,42-51
good,35,32-41
good,29,22-31
good,48,42-51
bad,26,22-31
bad,29,22-31
good,40,32-41
good,47,42-51
good,48,42-51
good,67,62-71
good,27,22-31
good,38,32-41
good,37,32-41
good,36,32-41
good,36,32-41
good,22,22-31
good,42,42-51
good,28,22-31
good,26,22-31
good,36,32-41
good,29,22-31
good,35,32-41
good,35,32-41
good,29,22-31
good,39,32-41
good,35,32-41
good,36,32-41
bad,29,22-31
bad,42,42-51
bad,24,22-31
good,27,22-31
bad,24,22-31
good,31,22-31
bad,23,22-31
good,34,32-41
good,31,22-31
good,35,32-41
good,38,32-41
good,46,42-51
good,22,22-31
bad,36,32-41
good,39,32-41
good,36,32-41
good,39,32-41
good,24,22-31
good,35,32-41
good,27,22-31
bad,27,22-31
good,28,22-31
good,37,32-41
good,35,32-41
good,55,52-61
good,31,22-31
good,39,32-41
good,44,42-51
good,42,42-51
good,30,22-31
good,30,22-31
good,41,32-41
good,43,42-51
bad,74,
good,63,62-71
good,33,32-41
bad,51,42-51
bad,33,32-41
bad,27,22-31
good,56,52-61
bad,31,22-31
good,39,32-41
good,24,22-31
good,26,22-31
bad,48,42-51
bad,58,52-61
good,28,22-31
good,54,52-61
good,26,22-31
good,31,22-31
bad,24,22-31
good,36,32-41
bad,25,22-31
good,45,42-51
good,38,32-41
bad,22,22-31
good,40,32-41
good,24,22-31
good,51,42-51
good,26,22-31
good,28,22-31
good,30,22-31
good,27,22-31
good,32,32-41
good,58,52-61
bad,23,22-31
bad,28,22-31
good,35,32-41
good,47,42-51
good,30,22-31
good,48,42-51
bad,38,32-41
good,24,22-31
good,52,52-61
good,37,32-41
bad,33,32-41
good,63,62-71
bad,29,22-31
good,29,22-31
good,35,32-41
bad,60,52-61
bad,23,22-31
good,24,22-31
good,33,32-41
bad,45,42-51
bad,22,22-31
good,40,32-41
bad,23,22-31
good,26,22-31
bad,42,42-51
good,22,22-31
good,26,22-31
bad,25,22-31
good,34,32-41
bad,23,22-31
bad,23,22-31
good,63,62-71
good,28,22-31
good,36,32-41
bad,58,52-61
bad,34,32-41
bad,37,32-41
good,32,32-41
bad,28,22-31
good,43,42-51
good,43,42-51
good,39,32-41
good,40,32-41
good,46,42-51
bad,31,22-31
good,37,32-41
good,56,52-61
good,30,22-31
bad,53,52-61
bad,27,22-31
bad,23,22-31
good,24,22-31
good,49,42-51
good,49,42-51
good,67,62-71
good,26,22-31
good,52,52-61
good,38,32-41
good,65,62-71
good,28,22-31
bad,57,52-61
good,31,22-31
good,49,42-51
bad,30,22-31
good,33,32-41
good,41,32-41
good,23,22-31
bad,34,32-41
bad,30,22-31
good,27,22-31
good,26,22-31
good,27,22-31
good,52,52-61
bad,29,22-31
bad,30,22-31
good,24,22-31
good,41,32-41
good,32,32-41
bad,27,22-31
bad,24,22-31
bad,38,32-41
good,50,42-51
good,29,22-31
good,54,52-61
bad,22,22-31
good,31,22-31
good,36,32-41
good,27,22-31
good,30,22-31
bad,36,32-41
good,47,42-51
bad,39,32-41
good,38,32-41
good,28,22-31
bad,54,52-61
good,49,42-51
bad,29,22-31
good,33,32-41
bad,25,22-31
good,58,52-61
bad,45,42-51
good,30,22-31
bad,22,22-31
good,32,32-41
good,51,42-51
good,34,32-41
good,29,22-31
good,45,42-51
bad,26,22-31
good,24,22-31
good,32,32-41
good,47,42-51
bad,48,42-51
bad,24,22-31
good,29,22-31
good,33,32-41
good,57,52-61
bad,45,42-51
good,50,42-51
bad,33,32-41
good,44,42-51
good,32,32-41
good,23,22-31
good,43,42-51
good,57,52-61
bad,23,22-31
bad,25,22-31
good,63,62-71
good,26,22-31
good,24,22-31
bad,47,42-51
good,26,22-31
bad,29,22-31
good,66,62-71
good,27,22-31
good,35,32-41
good,24,22-31
bad,35,32-41
good,27,22-31
bad,53,52-61
good,36,32-41
good,30,22-31
good,28,22-31
good,23,22-31
good,25,22-31
good,50,42-51
bad,26,22-31
good,26,22-31
good,53,52-61
bad,27,22-31
bad,34,32-41
good,27,22-31
good,29,22-31
bad,25,22-31
good,31,22-31
good,31,22-31
good,37,32-41
good,31,22-31
good,47,42-51
good,35,32-41
good,41,32-41
good,34,32-41
good,40,32-41
good,26,22-31
good,37,32-41
good,30,22-31
good,27,22-31
bad,24,22-31
good,29,22-31
good,35,32-41
bad,23,22-31
good,40,32-41
good,34,32-41
bad,45,42-51
good,26,22-31
good,55,52-61
bad,39,32-41
good,50,42-51
good,32,32-41
good,55,52-61
good,44,42-51
good,42,42-51
good,28,22-31
good,28,22-31
good,22,22-31
bad,30,22-31
good,41,32-41
good,39,32-41
good,47,42-51
good,47,42-51
bad,59,52-61
good,68,62-71
good,29,22-31
good,40,32-41
good,40,32-41
bad,31,22-31
good,26,22-31
good,23,22-31
good,30,22-31
bad,34,32-41
bad,33,32-41
bad,26,22-31
bad,25,22-31
bad,27,22-31
bad,68,62-71
bad,25,22-31
bad,25,22-31
good,31,22-31
good,33,32-41
bad,38,32-41
bad,25,22-31
bad,25,22-31
good,32,32-41
good,30,22-31
bad,30,22-31
good,23,22-31
good,33,32-41
good,31,22-31
bad,29,22-31
bad,29,22-31
bad,37,32-41
bad,68,62-71
good,39,32-41
good,24,22-31
bad,35,32-41
good,27,22-31
good,30,22-31
bad,23,22-31
bad,35,32-41
bad,55,52-61
good,37,32-41
good,27,22-31
bad,36,32-41
bad,23,22-31
bad,43,42-51
bad,53,52-61
good,50,42-51
good,41,32-41
good,23,22-31
good,37,32-41
good,32,32-41
bad,23,22-31
bad,61,52-61
good,38,32-41
good,23,22-31
good,37,32-41
good,49,42-51
good,26,22-31
good,22,22-31
bad,24,22-31
bad,29,22-31
good,33,32-41
bad,26,22-31
good,27,22-31
bad,24,22-31
good,31,22-31
good,53,52-61
good,38,32-41
good,37,32-41
good,64,62-71
good,38,32-41
good,26,22-31
good,41,32-41
good,24,22-31
good,27,22-31
good,23,22-31
bad,33,32-41
bad,30,22-31
bad,47,42-51
good,67,62-71
good,26,22-31
good,24,22-31
bad,42,42-51
good,32,32-41
good,34,32-41
good,41,32-41
good,46,42-51
bad,23,22-31
good,23,22-31
bad,35,32-41
bad,32,32-41
good,45,42-51
bad,34,32-41
bad,28,22-31
bad,46,42-51
good,45,42-51
good,39,32-41
good,65,62-71
good,40,32-41
good,22,22-31
good,33,32-41
bad,35,32-41
good,47,42-51
good,36,32-41
good,42,42-51
bad,22,22-31
good,32,32-41
good,35,32-41
bad,47,42-51
good,27,22-31
good,22,22-31
good,30,22-31
good,40,32-41
good,27,22-31
good,36,32-41
good,40,32-41
bad,28,22-31
bad,32,32-41
bad,26,22-31
bad,33,32-41
good,25,22-31
bad,53,52-61
bad,42,42-51
bad,37,32-41
good,46,42-51
good,63,62-71
bad,40,32-41
bad,25,22-31
good,45,42-51
bad,48,42-51
good,26,22-31
bad,30,22-31
good,34,32-41
good,48,42-51
good,56,52-61
good,30,22-31
good,22,22-31
good,46,42-51
bad,31,22-31
bad,51,42-51
bad,30,22-31
good,26,22-31
good,42,42-51
good,26,22-31
good,27,22-31
bad,37,32-41
good,27,22-31
bad,25,22-31
good,51,42-51
good,26,22-31
good,28,22-31
bad,25,22-31
bad,24,22-31
good,42,42-51
good,37,32-41
good,42,42-51
good,36,32-41
good,24,22-31
bad,38,32-41
bad,30,22-31
bad,38,32-41
bad,23,22-31
good,36,32-41
good,27,22-31
good,52,52-61
good,70,62-71
good,46,42-51
good,45,42-51
good,44,42-51
good,25,22-31
good,35,32-41
good,54,52-61
good,41,32-41
bad,34,32-41
bad,34,32-41
bad,37,32-41
bad,41,32-41
good,28,22-31
good,43,42-51
bad,47,42-51
good,35,32-41
good,29,22-31
bad,30,22-31
good,49,42-51
good,22,22-31
bad,26,22-31
good,39,32-41
good,37,32-41
bad,30,22-31
good,25,22-31
good,51,42-51
bad,49,42-51
good,48,42-51
good,46,42-51
good,29,22-31
good,61,52-61
bad,53,52-61
bad,30,22-31
good,43,42-51
good,39,32-41
bad,55,52-61
good,49,42-51
good,37,32-41
good,39,32-41
good,27,22-31
good,30,22-31
bad,25,22-31
good,37,32-41
good,35,32-41
bad,30,22-31
good,44,42-51
good,26,22-31
good,35,32-41
good,28,22-31
good,43,42-51
good,52,52-61
good,26,22-31
good,51,42-51
good,38,32-41
good,28,22-31
good,30,22-31
bad,29,22-31
good,45,42-51
good,36,32-41
good,24,22-31
good,36,32-41
good,33,32-41
good,27,22-31
bad,26,22-31
bad,74,
good,32,32-41
good,40,32-41
good,36,32-41
good,57,52-61
good,30,22-31
good,28,22-31
good,35,32-41
good,36,32-41
bad,65,62-71
good,24,22-31
good,54,52-61
good,29,22-31
good,40,32-41
good,74,
bad,23,22-31
good,41,32-41
good,34,32-41
bad,23,22-31
good,45,42-51
good,49,42-51
bad,39,32-41
good,51,42-51
bad,38,32-41
good,37,32-41
bad,27,22-31
good,32,32-41
bad,25,22-31
bad,25,22-31
good,47,42-51
good,47,42-51
good,33,32-41
good,56,52-61
good,27,22-31
good,36,32-41
bad,24,22-31
good,26,22-31
bad,66,62-71
good,66,62-71
good,43,42-51
bad,41,32-41
good,27,22-31
bad,42,42-51
bad,29,22-31
bad,24,22-31
good,35,32-41
good,28,22-31
bad,30,22-31
good,42,42-51
bad,33,32-41
bad,22,22-31
good,32,32-41
good,27,22-31
good,29,22-31
good,46,42-51
bad,36,32-41
good,27,22-31
good,50,42-51
good,54,52-61
bad,33,32-41
bad,34,32-41
good,50,42-51
good,43,42-51
bad,29,22-31
bad,40,32-41
good,25,22-31
good,52,52-61
bad,33,32-41
bad,57,52-61
good,35,32-41
bad,66,62-71
good,42,42-51
good,48,42-51
good,25,22-31
good,62,62-71
bad,33,32-41
good,28,22-31
bad,41,32-41
good,47,42-51
good,56,52-61
bad,39,32-41
good,22,22-31
good,64,62-71
good,26,22-31
good,26,22-31
good,43,42-51
bad,25,22-31
good,47,42-51
good,33,32-41
bad,24,22-31
good,27,22-31
good,22,22-31
good,32,32-41
good,40,32-41
bad,42,42-51
good,34,32-41
bad,40,32-41
bad,25,22-31
bad,55,52-61
good,42,42-51
good,41,32-41
good,22,22-31
good,63,62-71
good,43,42-51
good,66,62-71
good,22,22-31
bad,24,22-31
bad,43,42-51
good,26,22-31
good,40,32-41
good,37,32-41
bad,24,22-31
bad,37,32-41
bad,28,22-31
good,53,52-61
good,38,32-41
good,27,22-31
good,35,32-41
good,24,22-31
good,38,32-41
good,23,22-31
good,54,52-61
good,22,22-31
good,39,32-41
good,36,32-41
bad,23,22-31
good,30,22-31
good,31,22-31
good,36,32-41
good,32,32-41
good,32,32-41
good,24,22-31
good,25,22-31
good,31,22-31
bad,47,42-51
bad,30,22-31
good,41,32-41
good,40,32-41
good,31,22-31
good,47,42-51
bad,32,32-41
good,30,22-31
good,37,32-41
good,23,22-31
bad,40,32-41
bad,36,32-41
good,43,42-51
good,26,22-31
good,36,32-41
bad,24,22-31
bad,24,22-31
good,32,32-41
good,55,52-61
good,43,42-51
good,27,22-31
good,39,32-41
bad,34,32-41
good,41,32-41
good,28,22-31
bad,33,32-41
bad,44,42-51
good,41,32-41
good,46,42-51
good,27,22-31
good,27,22-31
good,34,32-41
bad,65,62-71
good,36,32-41
good,24,22-31
good,48,42-51
good,31,22-31
bad,45,42-51
good,27,22-31
good,41,32-41
good,36,32-41
good,23,22-31
bad,28,22-31
good,25,22-31
good,38,32-41
good,55,52-61
good,25,22-31
bad,24,22-31
bad,30,22-31
good,45,42-51
good,26,22-31
good,39,32-41
good,24,22-31
good,42,42-51
good,38,32-41
good,34,32-41
good,46,42-51
bad,68,62-71
bad,23,22-31
good,27,22-31
good,35,32-41
bad,68,62-71
good,36,32-41
good,65,62-71
good,32,32-41
good,31,22-31
bad,22,22-31
bad,44,42-51
good,43,42-51
bad,25,22-31
bad,29,22-31
good,50,42-51
good,34,32-41
bad,28,22-31
bad,29,22-31
bad,42,42-51
good,33,32-41
good,24,22-31
bad,25,22-31
good,31,22-31
good,64,62-71
bad,27,22-31
good,29,22-31
good,40,32-41
good,33,32-41
bad,58,52-61
bad,30,22-31
good,33,32-41
good,41,32-41
good,29,22-31
good,46,42-51
good,25,22-31
good,44,42-51
good,35,32-41
good,35,32-41
good,41,32-41
good,23,22-31
good,37,32-41
good,45,42-51
good,22,22-31
good,47,42-51
good,23,22-31
good,31,22-31
good,54,52-61
bad,42,42-51
bad,44,42-51
bad,28,22-31
good,38,32-41
bad,31,22-31
good,48,42-51
bad,28,22-31
bad,25,22-31
good,26,22-31
good,26,22-31
good,58,52-61
good,34,32-41
good,54,52-61
good,52,52-61
good,33,32-41
good,48,42-51
bad,22,22-31
bad,24,22-31
good,48,42-51
bad,30,22-31
good,39,32-41
bad,55,52-61
good,25,22-31
bad,42,42-51
good,65,62-71
good,26,22-31
good,66,62-71
good,34,32-41
good,31,22-31
good,41,32-41
good,27,22-31
good,63,62-71
good,34,32-41
bad,30,22-31
good,49,42-51
bad,57,52-61
good,29,22-31
good,58,52-61
good,46,42-51
good,28,22-31
good,24,22-31
good,25,22-31
bad,27,22-31
good,44,42-51
good,62,62-71
bad,27,22-31
good,36,32-41
bad,34,32-41
bad,57,52-61
good,37,32-41
good,23,22-31
good,49,42-51
good,54,52-61
good,27,22-31
bad,46,42-51
bad,28,22-31
good,28,22-31
bad,26,22-31
good,43,42-51
bad,25,22-31
good,24,22-31
bad,31,22-31
bad,44,42-51
good,57,52-61
bad,31,22-31
good,49,42-51
good,64,62-71
good,31,22-31
bad,24,22-31
good,38,32-41
good,36,32-41
good,25,22-31
bad,48,42-51
good,40,32-41
good,48,42-51
bad,27,22-31
good,33,32-41
good,63,62-71
good,36,32-41
good,38,32-41
bad,23,22-31
bad,24,22-31
bad,24,22-31
good,59,52-61
good,45,42-51
bad,42,42-51
good,27,22-31
good,66,62-71
bad,25,22-31
good,34,32-41
good,40,32-41
good,25,22-31
bad,25,22-31
good,35,32-41
good,23,22-31
good,22,22-31
good,31,22-31
good,35,32-41
bad,23,22-31
good,41,32-41
good,33,32-41
good,47,42-51
bad,32,32-41
good,26,22-31
good,27,22-31
bad,37,32-41
good,54,52-61
bad,28,22-31
good,36,32-41
good,57,52-61
good,55,52-61
bad,24,22-31
bad,23,22-31
bad,24,22-31
good,54,52-61
bad,42,42-51
good,47,42-51
good,28,22-31
bad,47,42-51
bad,25,22-31
good,37,32-41
good,37,32-41
good,35,32-41
good,27,22-31
good,24,22-31
bad,33,32-41
good,37,32-41
good,26,22-31
good,46,42-51
good,31,22-31
good,30,22-31
good,52,52-61
good,49,42-51
good,45,42-51
good,34,32-41
good,65,62-71
good,23,22-31
good,35,32-41
good,31,22-31
good,30,22-31
good,42,42-51
good,27,22-31
good,26,22-31
good,30,22-31
bad,27,22-31
bad,33,32-41
good,31,22-31
good,35,32-41
good,27,22-31
good,65,62-71
good,23,22-31
good,24,22-31
good,22,22-31
bad,23,22-31
good,33,32-41
bad,50,42-51
good,26,22-31
good,33,32-41
good,58,52-61
bad,22,22-31
good,46,42-51
good,46,42-51
good,30,22-31
good,35,32-41
good,27,22-31
bad,25,22-31
good,23,22-31
good,26,22-31
good,23,22-31
bad,37,32-41
good,27,22-31
bad,31,22-31
good,29,22-31
good,26,22-31
good,37,32-41
bad,23,22-31
good,50,42-51
good,64,62-71
bad,60,52-61
good,22,22-31
good,27,22-31
good,33,32-41
bad,36,32-41
good,46,42-51
bad,25,22-31
good,30,22-31
good,35,32-41
good,32,32-41
good,43,42-51
good,60,52-61
good,39,32-41
bad,23,22-31
good,27,22-31
good,38,32-41
good,38,32-41
bad,26,22-31
bad,31,22-31
good,33,32-41
bad,24,22-31
good,34,32-41
good,40,32-41
good,39,32-41
good,31,22-31
good,52,52-61
good,35,32-41
good,27,22-31
good,46,42-51
good,30,22-31
bad,26,22-31
good,43,42-51
good,42,42-51
good,24,22-31
bad,24,22-31
good,27,22-31
good,27,22-31
bad,31,22-31
good,31,22-31
bad,28,22-31
good,38,32-41
good,35,32-41
good,36,32-41
good,34,32-41
bad,31,22-31
bad,23,22-31
bad,47,42-51
bad,22,22-31
good,31,22-31
good,35,32-41
good,24,22-31
good,46,42-51
bad,24,22-31
bad,37,32-41
good,37,32-41
good,35,32-41
good,29,22-31
bad,23,22-31
bad,68,62-71
good,47,42-51
good,45,42-51
bad,32,32-41
good,35,32-41
good,36,32-41
good,30,22-31
good,45,42-51
good,44,42-51
bad,35,32-41
bad,57,52-61
good,32,32-41
good,49,42-51
bad,27,22-31
good,30,22-31
bad,24,22-31
good,38,32-41
bad,26,22-31
bad,57,52-61
good,31,22-31
bad,29,22-31
good,35,32-41
good,35,32-41
good,24,22-31
good,39,32-41
good,29,22-31
good,30,22-31
good,29,22-31
good,23,22-31
good,40,32-41
good,47,42-51
bad,34,32-41
good,74,
good,65,62-71
good,40,32-41
good,22,22-31
good,37,32-41
good,36,32-41
good,32,32-41
good,45,42-51
good,31,22-31
good,26,22-31
bad,53,52-61
bad,22,22-31
good,35,32-41
good,35,32-41
good,24,22-31
good,24,22-31
good,56,52-61
bad,59,52-61
bad,39,32-41
good,32,32-41
good,23,22-31
good,26,22-31
good,25,22-31
good,33,32-41
bad,43,42-51
bad,29,22-31
good,35,32-41
good,24,22-31
bad,23,22-31
good,60,52-61
good,34,32-41
good,42,42-51
good,30,22-31
good,36,32-41
bad,31,22-31
good,47,42-51
bad,41,32-41
good,27,22-31
bad,46,42-51
good,30,22-31
bad,25,22-31
good,38,32-41
good,58,52-61
good,32,32-41
good,28,22-31
good,37,32-41
good,27,22-31
good,34,32-41
bad,28,22-31
good,28,22-31
good,24,22-31
good,30,22-31
bad,35,32-41
bad,23,22-31
good,64,62-71
good,52,52-61
good,58,52-61
good,35,32-41
good,30,22-31
good,36,32-41
bad,26,22-31
good,36,32-41
bad,34,32-41
bad,28,22-31
good,37,32-41
good,24,22-31
good,31,22-31
bad,32,32-41
good,29,22-31
good,32,32-41
good,30,22-31
good,38,32-41
good,31,22-31
good,49,42-51
good,41,32-41
good,27,22-31
good,22,22-31
good,50,42-51
good,29,22-31
good,50,42-51
good,42,42-51
good,36,32-41
good,26,22-31
bad,31,22-31
good,25,22-31
good,36,32-41
good,36,32-41
good,35,32-41
bad,24,22-31
bad,26,22-31
bad,45,42-51
good,29,22-31
good,40,32-41
good,27,22-31
good,22,22-31
good,23,22-31
good,43,42-51
bad,27,22-31
good,40,32-41
good,32,32-41
good,27,22-31
good,22,22-31
bad,25,22-31
good,24,22-31
good,50,42-51
bad,39,32-41
good,36,32-41
good,35,32-41
good,28,22-31
bad,29,22-31
bad,25,22-31
good,22,22-31
bad,46,42-51
good,35,32-41
good,40,32-41
good,35,32-41
good,46,42-51
good,31,22-31
good,32,32-41
good,56,52-61
bad,39,32-41
good,55,52-61
good,28,22-31
bad,37,32-41
good,24,22-31
bad,40,32-41
good,51,42-51
good,44,42-51
good,30,22-31
good,23,22-31
good,26,22-31
